{
  "auc_roc": 0.9994573327906662,
  "auprc": 0.9997730057212739,
  "f1_macro": 0.9908749145591251,
  "f1_weighted": 0.9924804349996544,
  "f1_per_class": [
    0.987012987012987,
    0.9947368421052631
  ],
  "precision": 0.9947643979057592,
  "recall": 0.9871794871794872,
  "sensitivity": 1.0,
  "specificity": 0.9743589743589743,
  "accuracy": 0.9925093632958801,
  "confusion_matrix": [
    [
      76,
      2
    ],
    [
      0,
      189
    ]
  ],
  "tn": 76,
  "fp": 2,
  "fn": 0,
  "tp": 189,
  "classification_report": {
    "Non-Responder": {
      "precision": 1.0,
      "recall": 0.9743589743589743,
      "f1-score": 0.987012987012987,
      "support": 78.0
    },
    "Responder": {
      "precision": 0.9895287958115183,
      "recall": 1.0,
      "f1-score": 0.9947368421052631,
      "support": 189.0
    },
    "accuracy": 0.9925093632958801,
    "macro avg": {
      "precision": 0.9947643979057592,
      "recall": 0.9871794871794872,
      "f1-score": 0.9908749145591251,
      "support": 267.0
    },
    "weighted avg": {
      "precision": 0.9925877992823108,
      "recall": 0.9925093632958801,
      "f1-score": 0.9924804349996544,
      "support": 267.0
    }
  }
}