Model,AUC-ROC,F1 (Macro),Sensitivity,Specificity,Accuracy,AUPRC
resnet50,0.9998643331976665,0.9908749145591251,1.0,0.9743589743589743,0.9925093632958801,0.9999445968032356
densenet121,0.9994573327906662,0.9908749145591251,1.0,0.9743589743589743,0.9925093632958801,0.9997730057212739
vgg16,0.9991859991859993,0.9776100628930817,0.9788359788359788,0.9871794871794872,0.9812734082397003,0.9996653406188294
efficientnet_b3,1.0,1.0,1.0,1.0,1.0,1.0
vit_b16,0.9993216659883326,0.9908749145591251,1.0,0.9743589743589743,0.9925093632958801,0.999716378463135
