{
  "auc_roc": 0.9991859991859993,
  "auprc": 0.9996653406188294,
  "f1_macro": 0.9776100628930817,
  "f1_weighted": 0.9813751678326621,
  "f1_per_class": [
    0.9685534591194969,
    0.9866666666666667
  ],
  "precision": 0.9726204699322979,
  "recall": 0.983007733007733,
  "sensitivity": 0.9788359788359788,
  "specificity": 0.9871794871794872,
  "accuracy": 0.9812734082397003,
  "confusion_matrix": [
    [
      77,
      1
    ],
    [
      4,
      185
    ]
  ],
  "tn": 77,
  "fp": 1,
  "fn": 4,
  "tp": 185,
  "classification_report": {
    "Non-Responder": {
      "precision": 0.9506172839506173,
      "recall": 0.9871794871794872,
      "f1-score": 0.9685534591194969,
      "support": 78.0
    },
    "Responder": {
      "precision": 0.9946236559139785,
      "recall": 0.9788359788359788,
      "f1-score": 0.9866666666666667,
      "support": 189.0
    },
    "accuracy": 0.9812734082397003,
    "macro avg": {
      "precision": 0.9726204699322979,
      "recall": 0.983007733007733,
      "f1-score": 0.9776100628930817,
      "support": 267.0
    },
    "weighted avg": {
      "precision": 0.9817678618572663,
      "recall": 0.9812734082397003,
      "f1-score": 0.9813751678326621,
      "support": 267.0
    }
  }
}